000070.KS,삼양홀딩스
000080.KS,하이트진로
000100.KS,유한양행
000120.KS,CJ대한통운
000150.KS,두산
000210.KS,대림산업
000240.KS,한국타이어월드와이드
000270.KS,기아차
000640.KS,동아쏘시오홀딩스
000660.KS,SK하이닉스
000670.KS,영풍
000720.KS,현대건설
000810.KS,삼성화재
000880.KS,한화
000990.KS,DB하이텍
001040.KS,CJ
001060.KS,JW중외제약
001120.KS,LG상사
001230.KS,동국제강
001430.KS,세아베스틸
001450.KS,현대해상
001520.KS,동양
001680.KS,대상
001740.KS,SK네트웍스
001800.KS,오리온홀딩스
002240.KS,고려제강
002270.KS,롯데푸드
002350.KS,넥센타이어
002380.KS,KCC
002790.KS,아모레G
002960.KS,한국쉘석유
003000.KS,부광약품
003240.KS,태광산업
003300.KS,한일홀딩스
003410.KS,쌍용양회
003490.KS,대한항공
003520.KS,영진약품
003550.KS,LG
003620.KS,쌍용차
003850.KS,보령제약
003920.KS,남양유업
004000.KS,롯데정밀화학
004020.KS,현대제철
004170.KS,신세계
004370.KS,농심
004490.KS,세방전지
004800.KS,효성
004990.KS,롯데지주
005180.KS,빙그레
005250.KS,녹십자홀딩스
005300.KS,롯데칠성
005380.KS,현대차
005440.KS,현대그린푸드
005490.KS,POSCO
005610.KS,SPC삼립
005830.KS,DB손해보험
005850.KS,에스엘
005930.KS,삼성전자
005940.KS,NH투자증권
006120.KS,SK디스커버리
006260.KS,LS
006280.KS,녹십자
006360.KS,GS건설
006400.KS,삼성SDI
006650.KS,대한유화
006800.KS,미래에셋대우
006840.KS,AK홀딩스
007070.KS,GS리테일
007310.KS,오뚜기
007570.KS,일양약품
008060.KS,대덕전자
008560.KS,메리츠종금증권
008770.KS,호텔신라
008930.KS,한미사이언스
009150.KS,삼성전기
009240.KS,한샘
009420.KS,한올바이오파마
009540.KS,현대중공업
009830.KS,한화케미칼
010060.KS,OCI
010120.KS,LS산전
010130.KS,고려아연
010140.KS,삼성중공업
010620.KS,현대미포조선
010780.KS,아이에스동서
010950.KS,S-Oil
011070.KS,LG이노텍
011170.KS,롯데케미칼
011210.KS,현대위아
011780.KS,금호석유
011790.KS,SKC
012330.KS,현대모비스
012450.KS,한화에어로스페이스
012630.KS,HDC
012750.KS,에스원
014680.KS,한솔케미칼
014820.KS,동원시스템즈
014830.KS,유니드
015760.KS,한국전력
016360.KS,삼성증권
017670.KS,SK텔레콤
017800.KS,현대엘리베이
018260.KS,삼성에스디에스
018880.KS,한온시스템
019680.KS,대교
020000.KS,한섬
020150.KS,일진머티리얼즈
021240.KS,코웨이
023530.KS,롯데쇼핑
024110.KS,기업은행
025540.KS,한국단자
025860.KS,남해화학
026960.KS,동서
027410.KS,BGF
028050.KS,삼성엔지니어링
028260.KS,삼성물산
028670.KS,팬오션
029780.KS,삼성카드
030000.KS,제일기획
030200.KS,KT
032640.KS,LG유플러스
032830.KS,삼성생명
033780.KS,KT&G
033920.KS,무학
034020.KS,두산중공업
034120.KS,SBS
034220.KS,LG디스플레이
034730.KS,SK
035250.KS,강원랜드
035420.KS,NAVER
035720.KS,카카오
036460.KS,한국가스공사
036570.KS,엔씨소프트
036580.KS,팜스코
042660.KS,대우조선해양
042670.KS,두산인프라코어
047040.KS,대우건설
047050.KS,포스코대우
047810.KS,한국항공우주
049770.KS,동원F&B
051600.KS,한전KPS
051900.KS,LG생활건강
051910.KS,LG화학
052690.KS,한전기술
055550.KS,신한지주
057050.KS,현대홈쇼핑
060980.KS,한라홀딩스
064350.KS,현대로템
064960.KS,S&T모티브
066570.KS,LG전자
068270.KS,셀트리온
069260.KS,휴켐스
069620.KS,대웅제약
069960.KS,현대백화점
071050.KS,한국금융지주
071840.KS,롯데하이마트
073240.KS,금호타이어
078930.KS,GS
079160.KS,CJ CGV
079430.KS,현대리바트
079550.KS,LIG넥스원
086280.KS,현대글로비스
086790.KS,하나금융지주
088350.KS,한화생명
090430.KS,아모레퍼시픽
093050.KS,LF
093370.KS,후성
096760.KS,JW홀딩스
096770.KS,SK이노베이션
097230.KS,한진중공업
097950.KS,CJ제일제당
103140.KS,풍산
105560.KS,KB금융
105630.KS,한세실업
108670.KS,LG하우시스
111770.KS,영원무역
114090.KS,GKL
115390.KS,락앤락
120110.KS,코오롱인더
128940.KS,한미약품
138930.KS,BNK금융지주
139480.KS,이마트
145990.KS,삼양사
161390.KS,한국타이어
161890.KS,한국콜마
170900.KS,동아에스티
185750.KS,종근당
192400.KS,쿠쿠홀딩스
192820.KS,코스맥스
204320.KS,만도
207940.KS,삼성바이오로직스
214320.KS,이노션
241560.KS,두산밥캣
251270.KS,넷마블
267250.KS,현대중공업지주
271560.KS,오리온
282330.KS,BGF리테일
285130.KS,SK케미칼
294870.KS,HDC현대산업개발
298040.KS,효성중공업
316140.KS,우리금융지주
